[
  {
    "State": "Andhra Pradesh",
    "State Code": "AP",
    "District": "Alluri Sitharama Raju"
  },
  {
    "State": "Andhra Pradesh",
    "State Code": "AP",
    "District": "Anakapalli"
  },
  {
    "State": "Andhra Pradesh",
    "State Code": "AP",
    "District": "Anantapur"
  },
  {
    "State": "Andhra Pradesh",
    "State Code": "AP",
    "District": "Annamayya"
  },
  {
    "State": "Andhra Pradesh",
    "State Code": "AP",
    "District": "Bapatla"
  },
  {
    "State": "Andhra Pradesh",
    "State Code": "AP",
    "District": "Chittoor"
  },
  {
    "State": "Andhra Pradesh",
    "State Code": "AP",
    "District": "Dr. B.R. Ambedkar Konaseema"
  },
  {
    "State": "Andhra Pradesh",
    "State Code": "AP",
    "District": "East Godavari"
  },
  {
    "State": "Andhra Pradesh",
    "State Code": "AP",
    "District": "Eluru"
  },
  {
    "State": "Andhra Pradesh",
    "State Code": "AP",
    "District": "Guntur"
  },
  {
    "State": "Andhra Pradesh",
    "State Code": "AP",
    "District": "Kakinada"
  },
  {
    "State": "Andhra Pradesh",
    "State Code": "AP",
    "District": "Krishna"
  },
  {
    "State": "Andhra Pradesh",
    "State Code": "AP",
    "District": "Kurnool"
  },
  {
    "State": "Andhra Pradesh",
    "State Code": "AP",
    "District": "Nandyal"
  },
  {
    "State": "Andhra Pradesh",
    "State Code": "AP",
    "District": "NTR"
  },
  {
    "State": "Andhra Pradesh",
    "State Code": "AP",
    "District": "Palnadu"
  },
  {
    "State": "Andhra Pradesh",
    "State Code": "AP",
    "District": "Parvathipuram Manyam"
  },
  {
    "State": "Andhra Pradesh",
    "State Code": "AP",
    "District": "Prakasam"
  },
  {
    "State": "Andhra Pradesh",
    "State Code": "AP",
    "District": "SPSR Nellore"
  },
  {
    "State": "Andhra Pradesh",
    "State Code": "AP",
    "District": "Sri Sathya Sai"
  },
  {
    "State": "Andhra Pradesh",
    "State Code": "AP",
    "District": "Srikakulam"
  },
  {
    "State": "Andhra Pradesh",
    "State Code": "AP",
    "District": "Tirupati"
  },
  {
    "State": "Andhra Pradesh",
    "State Code": "AP",
    "District": "Visakhapatnam"
  },
  {
    "State": "Andhra Pradesh",
    "State Code": "AP",
    "District": "Vizianagaram"
  },
  {
    "State": "Andhra Pradesh",
    "State Code": "AP",
    "District": "West Godavari"
  },
  {
    "State": "Andhra Pradesh",
    "State Code": "AP",
    "District": "YSR Kadapa"
  },
  {
    "State": "Arunachal Pradesh",
    "State Code": "AR",
    "District": "Anjaw"
  },
  {
    "State": "Arunachal Pradesh",
    "State Code": "AR",
    "District": "Changlang"
  },
  {
    "State": "Arunachal Pradesh",
    "State Code": "AR",
    "District": "Dibang Valley"
  },
  {
    "State": "Arunachal Pradesh",
    "State Code": "AR",
    "District": "East Kameng"
  },
  {
    "State": "Arunachal Pradesh",
    "State Code": "AR",
    "District": "East Siang"
  },
  {
    "State": "Arunachal Pradesh",
    "State Code": "AR",
    "District": "Kamle"
  },
  {
    "State": "Arunachal Pradesh",
    "State Code": "AR",
    "District": "Kra Daadi"
  },
  {
    "State": "Arunachal Pradesh",
    "State Code": "AR",
    "District": "Kurung Kumey"
  },
  {
    "State": "Arunachal Pradesh",
    "State Code": "AR",
    "District": "Lepa Rada"
  },
  {
    "State": "Arunachal Pradesh",
    "State Code": "AR",
    "District": "Lohit"
  },
  {
    "State": "Arunachal Pradesh",
    "State Code": "AR",
    "District": "Longding"
  },
  {
    "State": "Arunachal Pradesh",
    "State Code": "AR",
    "District": "Lower Dibang Valley"
  },
  {
    "State": "Arunachal Pradesh",
    "State Code": "AR",
    "District": "Lower Siang"
  },
  {
    "State": "Arunachal Pradesh",
    "State Code": "AR",
    "District": "Lower Subansiri"
  },
  {
    "State": "Arunachal Pradesh",
    "State Code": "AR",
    "District": "Namsai"
  },
  {
    "State": "Arunachal Pradesh",
    "State Code": "AR",
    "District": "Pakke Kessang"
  },
  {
    "State": "Arunachal Pradesh",
    "State Code": "AR",
    "District": "Papum Pare"
  },
  {
    "State": "Arunachal Pradesh",
    "State Code": "AR",
    "District": "Shi Yomi"
  },
  {
    "State": "Arunachal Pradesh",
    "State Code": "AR",
    "District": "Siang"
  },
  {
    "State": "Arunachal Pradesh",
    "State Code": "AR",
    "District": "Tawang"
  },
  {
    "State": "Arunachal Pradesh",
    "State Code": "AR",
    "District": "Tirap"
  },
  {
    "State": "Arunachal Pradesh",
    "State Code": "AR",
    "District": "Upper Siang"
  },
  {
    "State": "Arunachal Pradesh",
    "State Code": "AR",
    "District": "Upper Subansiri"
  },
  {
    "State": "Arunachal Pradesh",
    "State Code": "AR",
    "District": "West Kameng"
  },
  {
    "State": "Arunachal Pradesh",
    "State Code": "AR",
    "District": "West Siang"
  },
  {
    "State": "Arunachal Pradesh",
    "State Code": "AR",
    "District": "Itanagar Capital Region"
  },
  {
    "State": "Assam",
    "State Code": "AS",
    "District": "Baksa"
  },
  {
    "State": "Assam",
    "State Code": "AS",
    "District": "Barpeta"
  },
  {
    "State": "Assam",
    "State Code": "AS",
    "District": "Biswanath"
  },
  {
    "State": "Assam",
    "State Code": "AS",
    "District": "Bongaigaon"
  },
  {
    "State": "Assam",
    "State Code": "AS",
    "District": "Cachar"
  },
  {
    "State": "Assam",
    "State Code": "AS",
    "District": "Charaideo"
  },
  {
    "State": "Assam",
    "State Code": "AS",
    "District": "Chirang"
  },
  {
    "State": "Assam",
    "State Code": "AS",
    "District": "Darrang"
  },
  {
    "State": "Assam",
    "State Code": "AS",
    "District": "Dhemaji"
  },
  {
    "State": "Assam",
    "State Code": "AS",
    "District": "Dhubri"
  },
  {
    "State": "Assam",
    "State Code": "AS",
    "District": "Dibrugarh"
  },
  {
    "State": "Assam",
    "State Code": "AS",
    "District": "Dima Hasao"
  },
  {
    "State": "Assam",
    "State Code": "AS",
    "District": "Goalpara"
  },
  {
    "State": "Assam",
    "State Code": "AS",
    "District": "Golaghat"
  },
  {
    "State": "Assam",
    "State Code": "AS",
    "District": "Hailakandi"
  },
  {
    "State": "Assam",
    "State Code": "AS",
    "District": "Hojai"
  },
  {
    "State": "Assam",
    "State Code": "AS",
    "District": "Jorhat"
  },
  {
    "State": "Assam",
    "State Code": "AS",
    "District": "Kamrup"
  },
  {
    "State": "Assam",
    "State Code": "AS",
    "District": "Kamrup Metropolitan"
  },
  {
    "State": "Assam",
    "State Code": "AS",
    "District": "Karbi Anglong"
  },
  {
    "State": "Assam",
    "State Code": "AS",
    "District": "Kokrajhar"
  },
  {
    "State": "Assam",
    "State Code": "AS",
    "District": "Lakhimpur"
  },
  {
    "State": "Assam",
    "State Code": "AS",
    "District": "Majuli"
  },
  {
    "State": "Assam",
    "State Code": "AS",
    "District": "Morigaon"
  },
  {
    "State": "Assam",
    "State Code": "AS",
    "District": "Nagaon"
  },
  {
    "State": "Assam",
    "State Code": "AS",
    "District": "Nalbari"
  },
  {
    "State": "Assam",
    "State Code": "AS",
    "District": "Sivasagar"
  },
  {
    "State": "Assam",
    "State Code": "AS",
    "District": "Sonitpur"
  },
  {
    "State": "Assam",
    "State Code": "AS",
    "District": "South Salmara-Mankachar"
  },
  {
    "State": "Assam",
    "State Code": "AS",
    "District": "Tinsukia"
  },
  {
    "State": "Assam",
    "State Code": "AS",
    "District": "Udalguri"
  },
  {
    "State": "Assam",
    "State Code": "AS",
    "District": "West Karbi Anglong"
  },
  {
    "State": "Bihar",
    "State Code": "BH",
    "District": "Araria"
  },
  {
    "State": "Bihar",
    "State Code": "BH",
    "District": "Arwal"
  },
  {
    "State": "Bihar",
    "State Code": "BH",
    "District": "Aurangabad"
  },
  {
    "State": "Bihar",
    "State Code": "BH",
    "District": "Banka"
  },
  {
    "State": "Bihar",
    "State Code": "BH",
    "District": "Begusarai"
  },
  {
    "State": "Bihar",
    "State Code": "BH",
    "District": "Bhagalpur"
  },
  {
    "State": "Bihar",
    "State Code": "BH",
    "District": "Bhojpur"
  },
  {
    "State": "Bihar",
    "State Code": "BH",
    "District": "Buxar"
  },
  {
    "State": "Bihar",
    "State Code": "BH",
    "District": "Darbhanga"
  },
  {
    "State": "Bihar",
    "State Code": "BH",
    "District": "East Champaran"
  },
  {
    "State": "Bihar",
    "State Code": "BH",
    "District": "Gaya"
  },
  {
    "State": "Bihar",
    "State Code": "BH",
    "District": "Gopalganj"
  },
  {
    "State": "Bihar",
    "State Code": "BH",
    "District": "Jamui"
  },
  {
    "State": "Bihar",
    "State Code": "BH",
    "District": "Jehanabad"
  },
  {
    "State": "Bihar",
    "State Code": "BH",
    "District": "Kaimur"
  },
  {
    "State": "Bihar",
    "State Code": "BH",
    "District": "Katihar"
  },
  {
    "State": "Bihar",
    "State Code": "BH",
    "District": "Khagaria"
  },
  {
    "State": "Bihar",
    "State Code": "BH",
    "District": "Kishanganj"
  },
  {
    "State": "Bihar",
    "State Code": "BH",
    "District": "Lakhisarai"
  },
  {
    "State": "Bihar",
    "State Code": "BH",
    "District": "Madhepura"
  },
  {
    "State": "Bihar",
    "State Code": "BH",
    "District": "Madhubani"
  },
  {
    "State": "Bihar",
    "State Code": "BH",
    "District": "Munger"
  },
  {
    "State": "Bihar",
    "State Code": "BH",
    "District": "Muzaffarpur"
  },
  {
    "State": "Bihar",
    "State Code": "BH",
    "District": "Nalanda"
  },
  {
    "State": "Bihar",
    "State Code": "BH",
    "District": "Nawada"
  },
  {
    "State": "Bihar",
    "State Code": "BH",
    "District": "Patna"
  },
  {
    "State": "Bihar",
    "State Code": "BH",
    "District": "Purnia"
  },
  {
    "State": "Bihar",
    "State Code": "BH",
    "District": "Rohtas"
  },
  {
    "State": "Bihar",
    "State Code": "BH",
    "District": "Saharsa"
  },
  {
    "State": "Bihar",
    "State Code": "BH",
    "District": "Samastipur"
  },
  {
    "State": "Bihar",
    "State Code": "BH",
    "District": "Saran"
  },
  {
    "State": "Bihar",
    "State Code": "BH",
    "District": "Sheikhpura"
  },
  {
    "State": "Bihar",
    "State Code": "BH",
    "District": "Sheohar"
  },
  {
    "State": "Bihar",
    "State Code": "BH",
    "District": "Sitamarhi"
  },
  {
    "State": "Bihar",
    "State Code": "BH",
    "District": "Siwan"
  },
  {
    "State": "Bihar",
    "State Code": "BH",
    "District": "Supaul"
  },
  {
    "State": "Bihar",
    "State Code": "BH",
    "District": "Vaishali"
  },
  {
    "State": "Bihar",
    "State Code": "BH",
    "District": "West Champaran"
  },
  {
    "State": "Chhattisgarh",
    "State Code": "CT",
    "District": "Balod"
  },
  {
    "State": "Chhattisgarh",
    "State Code": "CT",
    "District": "Baloda Bazar-Bhatapara"
  },
  {
    "State": "Chhattisgarh",
    "State Code": "CT",
    "District": "Balrampur-Ramanujganj"
  },
  {
    "State": "Chhattisgarh",
    "State Code": "CT",
    "District": "Bastar"
  },
  {
    "State": "Chhattisgarh",
    "State Code": "CT",
    "District": "Bemetara"
  },
  {
    "State": "Chhattisgarh",
    "State Code": "CT",
    "District": "Bijapur"
  },
  {
    "State": "Chhattisgarh",
    "State Code": "CT",
    "District": "Bilaspur"
  },
  {
    "State": "Chhattisgarh",
    "State Code": "CT",
    "District": "Dantewada"
  },
  {
    "State": "Chhattisgarh",
    "State Code": "CT",
    "District": "Dhamtari"
  },
  {
    "State": "Chhattisgarh",
    "State Code": "CT",
    "District": "Durg"
  },
  {
    "State": "Chhattisgarh",
    "State Code": "CT",
    "District": "Gariaband"
  },
  {
    "State": "Chhattisgarh",
    "State Code": "CT",
    "District": "Gaurela-Pendra-Marwahi"
  },
  {
    "State": "Chhattisgarh",
    "State Code": "CT",
    "District": "Janjgir-Champa"
  },
  {
    "State": "Chhattisgarh",
    "State Code": "CT",
    "District": "Jashpur"
  },
  {
    "State": "Chhattisgarh",
    "State Code": "CT",
    "District": "Kabirdham"
  },
  {
    "State": "Chhattisgarh",
    "State Code": "CT",
    "District": "Kanker"
  },
  {
    "State": "Chhattisgarh",
    "State Code": "CT",
    "District": "Kondagaon"
  },
  {
    "State": "Chhattisgarh",
    "State Code": "CT",
    "District": "Korba"
  },
  {
    "State": "Chhattisgarh",
    "State Code": "CT",
    "District": "Koriya"
  },
  {
    "State": "Chhattisgarh",
    "State Code": "CT",
    "District": "Mahasamund"
  },
  {
    "State": "Chhattisgarh",
    "State Code": "CT",
    "District": "Manendragarh-Chirmiri-Bharatpur"
  },
  {
    "State": "Chhattisgarh",
    "State Code": "CT",
    "District": "Mohla-Manpur-Ambagarh Chowki"
  },
  {
    "State": "Chhattisgarh",
    "State Code": "CT",
    "District": "Mungeli"
  },
  {
    "State": "Chhattisgarh",
    "State Code": "CT",
    "District": "Narayanpur"
  },
  {
    "State": "Chhattisgarh",
    "State Code": "CT",
    "District": "Raigarh"
  },
  {
    "State": "Chhattisgarh",
    "State Code": "CT",
    "District": "Raipur"
  },
  {
    "State": "Chhattisgarh",
    "State Code": "CT",
    "District": "Rajnandgaon"
  },
  {
    "State": "Chhattisgarh",
    "State Code": "CT",
    "District": "Sarangarh-Bilaigarh"
  },
  {
    "State": "Chhattisgarh",
    "State Code": "CT",
    "District": "Sukma"
  },
  {
    "State": "Chhattisgarh",
    "State Code": "CT",
    "District": "Surajpur"
  },
  {
    "State": "Chhattisgarh",
    "State Code": "CT",
    "District": "Surguja"
  },
  {
    "State": "Delhi",
    "State Code": "DL",
    "District": "Central Delhi"
  },
  {
    "State": "Delhi",
    "State Code": "DL",
    "District": "East Delhi"
  },
  {
    "State": "Delhi",
    "State Code": "DL",
    "District": "New Delhi"
  },
  {
    "State": "Delhi",
    "State Code": "DL",
    "District": "North Delhi"
  },
  {
    "State": "Delhi",
    "State Code": "DL",
    "District": "North East Delhi"
  },
  {
    "State": "Delhi",
    "State Code": "DL",
    "District": "North West Delhi"
  },
  {
    "State": "Delhi",
    "State Code": "DL",
    "District": "Shahdara"
  },
  {
    "State": "Delhi",
    "State Code": "DL",
    "District": "South Delhi"
  },
  {
    "State": "Delhi",
    "State Code": "DL",
    "District": "South East Delhi"
  },
  {
    "State": "Delhi",
    "State Code": "DL",
    "District": "South West Delhi"
  },
  {
    "State": "Delhi",
    "State Code": "DL",
    "District": "West Delhi"
  },
  {
    "State": "Goa",
    "State Code": "GA",
    "District": "North Goa"
  },
  {
    "State": "Goa",
    "State Code": "GA",
    "District": "South Goa"
  },
  {
    "State": "Gujarat",
    "State Code": "GJ",
    "District": "Ahmedabad"
  },
  {
    "State": "Gujarat",
    "State Code": "GJ",
    "District": "Amreli"
  },
  {
    "State": "Gujarat",
    "State Code": "GJ",
    "District": "Anand"
  },
  {
    "State": "Gujarat",
    "State Code": "GJ",
    "District": "Aravalli"
  },
  {
    "State": "Gujarat",
    "State Code": "GJ",
    "District": "Banaskantha"
  },
  {
    "State": "Gujarat",
    "State Code": "GJ",
    "District": "Bharuch"
  },
  {
    "State": "Gujarat",
    "State Code": "GJ",
    "District": "Bhavnagar"
  },
  {
    "State": "Gujarat",
    "State Code": "GJ",
    "District": "Botad"
  },
  {
    "State": "Gujarat",
    "State Code": "GJ",
    "District": "Chhota Udaipur"
  },
  {
    "State": "Gujarat",
    "State Code": "GJ",
    "District": "Dahod"
  },
  {
    "State": "Gujarat",
    "State Code": "GJ",
    "District": "Dang"
  },
  {
    "State": "Gujarat",
    "State Code": "GJ",
    "District": "Devbhoomi Dwarka"
  },
  {
    "State": "Gujarat",
    "State Code": "GJ",
    "District": "Gandhinagar"
  },
  {
    "State": "Gujarat",
    "State Code": "GJ",
    "District": "Gir Somnath"
  },
  {
    "State": "Gujarat",
    "State Code": "GJ",
    "District": "Jamnagar"
  },
  {
    "State": "Gujarat",
    "State Code": "GJ",
    "District": "Junagadh"
  },
  {
    "State": "Gujarat",
    "State Code": "GJ",
    "District": "Kheda"
  },
  {
    "State": "Gujarat",
    "State Code": "GJ",
    "District": "Kutch"
  },
  {
    "State": "Gujarat",
    "State Code": "GJ",
    "District": "Mahisagar"
  },
  {
    "State": "Gujarat",
    "State Code": "GJ",
    "District": "Mehsana"
  },
  {
    "State": "Gujarat",
    "State Code": "GJ",
    "District": "Morbi"
  },
  {
    "State": "Gujarat",
    "State Code": "GJ",
    "District": "Narmada"
  },
  {
    "State": "Gujarat",
    "State Code": "GJ",
    "District": "Navsari"
  },
  {
    "State": "Gujarat",
    "State Code": "GJ",
    "District": "Panchmahal"
  },
  {
    "State": "Gujarat",
    "State Code": "GJ",
    "District": "Patan"
  },
  {
    "State": "Gujarat",
    "State Code": "GJ",
    "District": "Porbandar"
  },
  {
    "State": "Gujarat",
    "State Code": "GJ",
    "District": "Rajkot"
  },
  {
    "State": "Gujarat",
    "State Code": "GJ",
    "District": "Sabarkantha"
  },
  {
    "State": "Gujarat",
    "State Code": "GJ",
    "District": "Surat"
  },
  {
    "State": "Gujarat",
    "State Code": "GJ",
    "District": "Surendranagar"
  },
  {
    "State": "Gujarat",
    "State Code": "GJ",
    "District": "Tapi"
  },
  {
    "State": "Gujarat",
    "State Code": "GJ",
    "District": "Vadodara"
  },
  {
    "State": "Gujarat",
    "State Code": "GJ",
    "District": "Valsad"
  },
  {
    "State": "Haryana",
    "State Code": "HR",
    "District": "Ambala"
  },
  {
    "State": "Haryana",
    "State Code": "HR",
    "District": "Bhiwani"
  },
  {
    "State": "Haryana",
    "State Code": "HR",
    "District": "Charkhi Dadri"
  },
  {
    "State": "Haryana",
    "State Code": "HR",
    "District": "Faridabad"
  },
  {
    "State": "Haryana",
    "State Code": "HR",
    "District": "Fatehabad"
  },
  {
    "State": "Haryana",
    "State Code": "HR",
    "District": "Gurugram"
  },
  {
    "State": "Haryana",
    "State Code": "HR",
    "District": "Hisar"
  },
  {
    "State": "Haryana",
    "State Code": "HR",
    "District": "Jhajjar"
  },
  {
    "State": "Haryana",
    "State Code": "HR",
    "District": "Jind"
  },
  {
    "State": "Haryana",
    "State Code": "HR",
    "District": "Kaithal"
  },
  {
    "State": "Haryana",
    "State Code": "HR",
    "District": "Karnal"
  },
  {
    "State": "Haryana",
    "State Code": "HR",
    "District": "Kurukshetra"
  },
  {
    "State": "Haryana",
    "State Code": "HR",
    "District": "Mahendragarh"
  },
  {
    "State": "Haryana",
    "State Code": "HR",
    "District": "Nuh"
  },
  {
    "State": "Haryana",
    "State Code": "HR",
    "District": "Palwal"
  },
  {
    "State": "Haryana",
    "State Code": "HR",
    "District": "Panchkula"
  },
  {
    "State": "Haryana",
    "State Code": "HR",
    "District": "Panipat"
  },
  {
    "State": "Haryana",
    "State Code": "HR",
    "District": "Rewari"
  },
  {
    "State": "Haryana",
    "State Code": "HR",
    "District": "Rohtak"
  },
  {
    "State": "Haryana",
    "State Code": "HR",
    "District": "Sirsa"
  },
  {
    "State": "Haryana",
    "State Code": "HR",
    "District": "Sonipat"
  },
  {
    "State": "Haryana",
    "State Code": "HR",
    "District": "Yamunanagar"
  },
  {
    "State": "Himachal Pradesh",
    "State Code": "HP",
    "District": "Bilaspur"
  },
  {
    "State": "Himachal Pradesh",
    "State Code": "HP",
    "District": "Chamba"
  },
  {
    "State": "Himachal Pradesh",
    "State Code": "HP",
    "District": "Hamirpur"
  },
  {
    "State": "Himachal Pradesh",
    "State Code": "HP",
    "District": "Kangra"
  },
  {
    "State": "Himachal Pradesh",
    "State Code": "HP",
    "District": "Kinnaur"
  },
  {
    "State": "Himachal Pradesh",
    "State Code": "HP",
    "District": "Kullu"
  },
  {
    "State": "Himachal Pradesh",
    "State Code": "HP",
    "District": "Lahaul and Spiti"
  },
  {
    "State": "Himachal Pradesh",
    "State Code": "HP",
    "District": "Mandi"
  },
  {
    "State": "Himachal Pradesh",
    "State Code": "HP",
    "District": "Shimla"
  },
  {
    "State": "Himachal Pradesh",
    "State Code": "HP",
    "District": "Sirmaur"
  },
  {
    "State": "Himachal Pradesh",
    "State Code": "HP",
    "District": "Solan"
  },
  {
    "State": "Himachal Pradesh",
    "State Code": "HP",
    "District": "Una"
  },
  {
    "State": "Jharkhand",
    "State Code": "JH",
    "District": "Bokaro"
  },
  {
    "State": "Jharkhand",
    "State Code": "JH",
    "District": "Chatra"
  },
  {
    "State": "Jharkhand",
    "State Code": "JH",
    "District": "Deoghar"
  },
  {
    "State": "Jharkhand",
    "State Code": "JH",
    "District": "Dhanbad"
  },
  {
    "State": "Jharkhand",
    "State Code": "JH",
    "District": "Dumka"
  },
  {
    "State": "Jharkhand",
    "State Code": "JH",
    "District": "East Singhbhum"
  },
  {
    "State": "Jharkhand",
    "State Code": "JH",
    "District": "Garhwa"
  },
  {
    "State": "Jharkhand",
    "State Code": "JH",
    "District": "Giridih"
  },
  {
    "State": "Jharkhand",
    "State Code": "JH",
    "District": "Godda"
  },
  {
    "State": "Jharkhand",
    "State Code": "JH",
    "District": "Gumla"
  },
  {
    "State": "Jharkhand",
    "State Code": "JH",
    "District": "Hazaribagh"
  },
  {
    "State": "Jharkhand",
    "State Code": "JH",
    "District": "Jamtara"
  },
  {
    "State": "Jharkhand",
    "State Code": "JH",
    "District": "Khunti"
  },
  {
    "State": "Jharkhand",
    "State Code": "JH",
    "District": "Koderma"
  },
  {
    "State": "Jharkhand",
    "State Code": "JH",
    "District": "Latehar"
  },
  {
    "State": "Jharkhand",
    "State Code": "JH",
    "District": "Lohardaga"
  },
  {
    "State": "Jharkhand",
    "State Code": "JH",
    "District": "Pakur"
  },
  {
    "State": "Jharkhand",
    "State Code": "JH",
    "District": "Palamu"
  },
  {
    "State": "Jharkhand",
    "State Code": "JH",
    "District": "Ramgarh"
  },
  {
    "State": "Jharkhand",
    "State Code": "JH",
    "District": "Ranchi"
  },
  {
    "State": "Jharkhand",
    "State Code": "JH",
    "District": "Sahebganj"
  },
  {
    "State": "Jharkhand",
    "State Code": "JH",
    "District": "Saraikela-Kharsawan"
  },
  {
    "State": "Jharkhand",
    "State Code": "JH",
    "District": "Simdega"
  },
  {
    "State": "Jharkhand",
    "State Code": "JH",
    "District": "West Singhbhum"
  },
  {
    "State": "Karnataka",
    "State Code": "KA",
    "District": "Bagalkot"
  },
  {
    "State": "Karnataka",
    "State Code": "KA",
    "District": "Ballari"
  },
  {
    "State": "Karnataka",
    "State Code": "KA",
    "District": "Belagavi"
  },
  {
    "State": "Karnataka",
    "State Code": "KA",
    "District": "Bengaluru Rural"
  },
  {
    "State": "Karnataka",
    "State Code": "KA",
    "District": "Bengaluru Urban"
  },
  {
    "State": "Karnataka",
    "State Code": "KA",
    "District": "Bidar"
  },
  {
    "State": "Karnataka",
    "State Code": "KA",
    "District": "Chamarajanagar"
  },
  {
    "State": "Karnataka",
    "State Code": "KA",
    "District": "Chikkaballapur"
  },
  {
    "State": "Karnataka",
    "State Code": "KA",
    "District": "Chikkamagaluru"
  },
  {
    "State": "Karnataka",
    "State Code": "KA",
    "District": "Chitradurga"
  },
  {
    "State": "Karnataka",
    "State Code": "KA",
    "District": "Dakshina Kannada"
  },
  {
    "State": "Karnataka",
    "State Code": "KA",
    "District": "Davanagere"
  },
  {
    "State": "Karnataka",
    "State Code": "KA",
    "District": "Dharwad"
  },
  {
    "State": "Karnataka",
    "State Code": "KA",
    "District": "Gadag"
  },
  {
    "State": "Karnataka",
    "State Code": "KA",
    "District": "Hassan"
  },
  {
    "State": "Karnataka",
    "State Code": "KA",
    "District": "Haveri"
  },
  {
    "State": "Karnataka",
    "State Code": "KA",
    "District": "Kalaburagi"
  },
  {
    "State": "Karnataka",
    "State Code": "KA",
    "District": "Kodagu"
  },
  {
    "State": "Karnataka",
    "State Code": "KA",
    "District": "Kolar"
  },
  {
    "State": "Karnataka",
    "State Code": "KA",
    "District": "Koppal"
  },
  {
    "State": "Karnataka",
    "State Code": "KA",
    "District": "Mandya"
  },
  {
    "State": "Karnataka",
    "State Code": "KA",
    "District": "Mysuru"
  },
  {
    "State": "Karnataka",
    "State Code": "KA",
    "District": "Raichur"
  },
  {
    "State": "Karnataka",
    "State Code": "KA",
    "District": "Ramanagara"
  },
  {
    "State": "Karnataka",
    "State Code": "KA",
    "District": "Shivamogga"
  },
  {
    "State": "Karnataka",
    "State Code": "KA",
    "District": "Tumakuru"
  },
  {
    "State": "Karnataka",
    "State Code": "KA",
    "District": "Udupi"
  },
  {
    "State": "Karnataka",
    "State Code": "KA",
    "District": "Uttara Kannada"
  },
  {
    "State": "Karnataka",
    "State Code": "KA",
    "District": "Vijayapura"
  },
  {
    "State": "Karnataka",
    "State Code": "KA",
    "District": "Yadgir"
  },
  {
    "State": "Kerala",
    "State Code": "KL",
    "District": "Alappuzha"
  },
  {
    "State": "Kerala",
    "State Code": "KL",
    "District": "Ernakulam"
  },
  {
    "State": "Kerala",
    "State Code": "KL",
    "District": "Idukki"
  },
  {
    "State": "Kerala",
    "State Code": "KL",
    "District": "Kannur"
  },
  {
    "State": "Kerala",
    "State Code": "KL",
    "District": "Kasaragod"
  },
  {
    "State": "Kerala",
    "State Code": "KL",
    "District": "Kollam"
  },
  {
    "State": "Kerala",
    "State Code": "KL",
    "District": "Kottayam"
  },
  {
    "State": "Kerala",
    "State Code": "KL",
    "District": "Kozhikode"
  },
  {
    "State": "Kerala",
    "State Code": "KL",
    "District": "Malappuram"
  },
  {
    "State": "Kerala",
    "State Code": "KL",
    "District": "Palakkad"
  },
  {
    "State": "Kerala",
    "State Code": "KL",
    "District": "Pathanamthitta"
  },
  {
    "State": "Kerala",
    "State Code": "KL",
    "District": "Thiruvananthapuram"
  },
  {
    "State": "Kerala",
    "State Code": "KL",
    "District": "Thrissur"
  },
  {
    "State": "Kerala",
    "State Code": "KL",
    "District": "Wayanad"
  },
  {
    "State": "Madhya Pradesh",
    "State Code": "MP",
    "District": "Agar Malwa"
  },
  {
    "State": "Madhya Pradesh",
    "State Code": "MP",
    "District": "Alirajpur"
  },
  {
    "State": "Madhya Pradesh",
    "State Code": "MP",
    "District": "Anuppur"
  },
  {
    "State": "Madhya Pradesh",
    "State Code": "MP",
    "District": "Ashoknagar"
  },
  {
    "State": "Madhya Pradesh",
    "State Code": "MP",
    "District": "Balaghat"
  },
  {
    "State": "Madhya Pradesh",
    "State Code": "MP",
    "District": "Barwani"
  },
  {
    "State": "Madhya Pradesh",
    "State Code": "MP",
    "District": "Betul"
  },
  {
    "State": "Madhya Pradesh",
    "State Code": "MP",
    "District": "Bhind"
  },
  {
    "State": "Madhya Pradesh",
    "State Code": "MP",
    "District": "Bhopal"
  },
  {
    "State": "Madhya Pradesh",
    "State Code": "MP",
    "District": "Burhanpur"
  },
  {
    "State": "Madhya Pradesh",
    "State Code": "MP",
    "District": "Chhatarpur"
  },
  {
    "State": "Madhya Pradesh",
    "State Code": "MP",
    "District": "Chhindwara"
  },
  {
    "State": "Madhya Pradesh",
    "State Code": "MP",
    "District": "Damoh"
  },
  {
    "State": "Madhya Pradesh",
    "State Code": "MP",
    "District": "Datia"
  },
  {
    "State": "Madhya Pradesh",
    "State Code": "MP",
    "District": "Dewas"
  },
  {
    "State": "Madhya Pradesh",
    "State Code": "MP",
    "District": "Dhar"
  },
  {
    "State": "Madhya Pradesh",
    "State Code": "MP",
    "District": "Dindori"
  },
  {
    "State": "Madhya Pradesh",
    "State Code": "MP",
    "District": "Guna"
  },
  {
    "State": "Madhya Pradesh",
    "State Code": "MP",
    "District": "Gwalior"
  },
  {
    "State": "Madhya Pradesh",
    "State Code": "MP",
    "District": "Harda"
  },
  {
    "State": "Madhya Pradesh",
    "State Code": "MP",
    "District": "Hoshangabad"
  },
  {
    "State": "Madhya Pradesh",
    "State Code": "MP",
    "District": "Indore"
  },
  {
    "State": "Madhya Pradesh",
    "State Code": "MP",
    "District": "Jabalpur"
  },
  {
    "State": "Madhya Pradesh",
    "State Code": "MP",
    "District": "Jhabua"
  },
  {
    "State": "Madhya Pradesh",
    "State Code": "MP",
    "District": "Katni"
  },
  {
    "State": "Madhya Pradesh",
    "State Code": "MP",
    "District": "Khandwa"
  },
  {
    "State": "Madhya Pradesh",
    "State Code": "MP",
    "District": "Khargone"
  },
  {
    "State": "Madhya Pradesh",
    "State Code": "MP",
    "District": "Mandla"
  },
  {
    "State": "Madhya Pradesh",
    "State Code": "MP",
    "District": "Mandsaur"
  },
  {
    "State": "Madhya Pradesh",
    "State Code": "MP",
    "District": "Morena"
  },
  {
    "State": "Madhya Pradesh",
    "State Code": "MP",
    "District": "Narsinghpur"
  },
  {
    "State": "Madhya Pradesh",
    "State Code": "MP",
    "District": "Neemuch"
  },
  {
    "State": "Madhya Pradesh",
    "State Code": "MP",
    "District": "Panna"
  },
  {
    "State": "Madhya Pradesh",
    "State Code": "MP",
    "District": "Raisen"
  },
  {
    "State": "Madhya Pradesh",
    "State Code": "MP",
    "District": "Rajgarh"
  },
  {
    "State": "Madhya Pradesh",
    "State Code": "MP",
    "District": "Ratlam"
  },
  {
    "State": "Madhya Pradesh",
    "State Code": "MP",
    "District": "Rewa"
  },
  {
    "State": "Madhya Pradesh",
    "State Code": "MP",
    "District": "Sagar"
  },
  {
    "State": "Madhya Pradesh",
    "State Code": "MP",
    "District": "Satna"
  },
  {
    "State": "Madhya Pradesh",
    "State Code": "MP",
    "District": "Sehore"
  },
  {
    "State": "Madhya Pradesh",
    "State Code": "MP",
    "District": "Seoni"
  },
  {
    "State": "Madhya Pradesh",
    "State Code": "MP",
    "District": "Shahdol"
  },
  {
    "State": "Madhya Pradesh",
    "State Code": "MP",
    "District": "Shajapur"
  },
  {
    "State": "Madhya Pradesh",
    "State Code": "MP",
    "District": "Sheopur"
  },
  {
    "State": "Madhya Pradesh",
    "State Code": "MP",
    "District": "Shivpuri"
  },
  {
    "State": "Madhya Pradesh",
    "State Code": "MP",
    "District": "Sidhi"
  },
  {
    "State": "Madhya Pradesh",
    "State Code": "MP",
    "District": "Singrauli"
  },
  {
    "State": "Madhya Pradesh",
    "State Code": "MP",
    "District": "Tikamgarh"
  },
  {
    "State": "Madhya Pradesh",
    "State Code": "MP",
    "District": "Ujjain"
  },
  {
    "State": "Madhya Pradesh",
    "State Code": "MP",
    "District": "Umaria"
  },
  {
    "State": "Madhya Pradesh",
    "State Code": "MP",
    "District": "Vidisha"
  },
  {
    "State": "Maharashtra",
    "State Code": "MH",
    "District": "Ahmednagar"
  },
  {
    "State": "Maharashtra",
    "State Code": "MH",
    "District": "Akola"
  },
  {
    "State": "Maharashtra",
    "State Code": "MH",
    "District": "Amravati"
  },
  {
    "State": "Maharashtra",
    "State Code": "MH",
    "District": "Aurangabad"
  },
  {
    "State": "Maharashtra",
    "State Code": "MH",
    "District": "Beed"
  },
  {
    "State": "Maharashtra",
    "State Code": "MH",
    "District": "Bhandara"
  },
  {
    "State": "Maharashtra",
    "State Code": "MH",
    "District": "Buldhana"
  },
  {
    "State": "Maharashtra",
    "State Code": "MH",
    "District": "Chandrapur"
  },
  {
    "State": "Maharashtra",
    "State Code": "MH",
    "District": "Dhule"
  },
  {
    "State": "Maharashtra",
    "State Code": "MH",
    "District": "Gadchiroli"
  },
  {
    "State": "Maharashtra",
    "State Code": "MH",
    "District": "Gondia"
  },
  {
    "State": "Maharashtra",
    "State Code": "MH",
    "District": "Hingoli"
  },
  {
    "State": "Maharashtra",
    "State Code": "MH",
    "District": "Jalgaon"
  },
  {
    "State": "Maharashtra",
    "State Code": "MH",
    "District": "Jalna"
  },
  {
    "State": "Maharashtra",
    "State Code": "MH",
    "District": "Kolhapur"
  },
  {
    "State": "Maharashtra",
    "State Code": "MH",
    "District": "Latur"
  },
  {
    "State": "Maharashtra",
    "State Code": "MH",
    "District": "Mumbai City"
  },
  {
    "State": "Maharashtra",
    "State Code": "MH",
    "District": "Mumbai Suburban"
  },
  {
    "State": "Maharashtra",
    "State Code": "MH",
    "District": "Nagpur"
  },
  {
    "State": "Maharashtra",
    "State Code": "MH",
    "District": "Nanded"
  },
  {
    "State": "Maharashtra",
    "State Code": "MH",
    "District": "Nandurbar"
  },
  {
    "State": "Maharashtra",
    "State Code": "MH",
    "District": "Nashik"
  },
  {
    "State": "Maharashtra",
    "State Code": "MH",
    "District": "Osmanabad"
  },
  {
    "State": "Maharashtra",
    "State Code": "MH",
    "District": "Palghar"
  },
  {
    "State": "Maharashtra",
    "State Code": "MH",
    "District": "Parbhani"
  },
  {
    "State": "Maharashtra",
    "State Code": "MH",
    "District": "Pune"
  },
  {
    "State": "Maharashtra",
    "State Code": "MH",
    "District": "Raigad"
  },
  {
    "State": "Maharashtra",
    "State Code": "MH",
    "District": "Ratnagiri"
  },
  {
    "State": "Maharashtra",
    "State Code": "MH",
    "District": "Sangli"
  },
  {
    "State": "Maharashtra",
    "State Code": "MH",
    "District": "Satara"
  },
  {
    "State": "Maharashtra",
    "State Code": "MH",
    "District": "Sindhudurg"
  },
  {
    "State": "Maharashtra",
    "State Code": "MH",
    "District": "Solapur"
  },
  {
    "State": "Maharashtra",
    "State Code": "MH",
    "District": "Thane"
  },
  {
    "State": "Maharashtra",
    "State Code": "MH",
    "District": "Wardha"
  },
  {
    "State": "Maharashtra",
    "State Code": "MH",
    "District": "Washim"
  },
  {
    "State": "Maharashtra",
    "State Code": "MH",
    "District": "Yavatmal"
  },
  {
    "State": "Manipur",
    "State Code": "MN",
    "District": "Bishnupur"
  },
  {
    "State": "Manipur",
    "State Code": "MN",
    "District": "Chandel"
  },
  {
    "State": "Manipur",
    "State Code": "MN",
    "District": "Churachandpur"
  },
  {
    "State": "Manipur",
    "State Code": "MN",
    "District": "Imphal East"
  },
  {
    "State": "Manipur",
    "State Code": "MN",
    "District": "Imphal West"
  },
  {
    "State": "Manipur",
    "State Code": "MN",
    "District": "Jiribam"
  },
  {
    "State": "Manipur",
    "State Code": "MN",
    "District": "Kakching"
  },
  {
    "State": "Manipur",
    "State Code": "MN",
    "District": "Kamjong"
  },
  {
    "State": "Manipur",
    "State Code": "MN",
    "District": "Kangpokpi"
  },
  {
    "State": "Manipur",
    "State Code": "MN",
    "District": "Noney"
  },
  {
    "State": "Manipur",
    "State Code": "MN",
    "District": "Pherzawl"
  },
  {
    "State": "Manipur",
    "State Code": "MN",
    "District": "Senapati"
  },
  {
    "State": "Manipur",
    "State Code": "MN",
    "District": "Tamenglong"
  },
  {
    "State": "Manipur",
    "State Code": "MN",
    "District": "Tengnoupal"
  },
  {
    "State": "Manipur",
    "State Code": "MN",
    "District": "Thoubal"
  },
  {
    "State": "Manipur",
    "State Code": "MN",
    "District": "Ukhrul"
  },
  {
    "State": "Meghalaya",
    "State Code": "ME",
    "District": "East Garo Hills"
  },
  {
    "State": "Meghalaya",
    "State Code": "ME",
    "District": "East Jaintia Hills"
  },
  {
    "State": "Meghalaya",
    "State Code": "ME",
    "District": "East Khasi Hills"
  },
  {
    "State": "Meghalaya",
    "State Code": "ME",
    "District": "North Garo Hills"
  },
  {
    "State": "Meghalaya",
    "State Code": "ME",
    "District": "South Garo Hills"
  },
  {
    "State": "Meghalaya",
    "State Code": "ME",
    "District": "South West Garo Hills"
  },
  {
    "State": "Meghalaya",
    "State Code": "ME",
    "District": "South West Khasi Hills"
  },
  {
    "State": "Meghalaya",
    "State Code": "ME",
    "District": "West Garo Hills"
  },
  {
    "State": "Meghalaya",
    "State Code": "ME",
    "District": "West Jaintia Hills"
  },
  {
    "State": "Meghalaya",
    "State Code": "ME",
    "District": "West Khasi Hills"
  },
  {
    "State": "Meghalaya",
    "State Code": "ME",
    "District": "Eastern West Khasi Hills"
  },
  {
    "State": "Meghalaya",
    "State Code": "ME",
    "District": "Ri-Bhoi"
  },
  {
    "State": "Mizoram",
    "State Code": "MI",
    "District": "Aizawl"
  },
  {
    "State": "Mizoram",
    "State Code": "MI",
    "District": "Champhai"
  },
  {
    "State": "Mizoram",
    "State Code": "MI",
    "District": "Hnahthial"
  },
  {
    "State": "Mizoram",
    "State Code": "MI",
    "District": "Khawzawl"
  },
  {
    "State": "Mizoram",
    "State Code": "MI",
    "District": "Kolasib"
  },
  {
    "State": "Mizoram",
    "State Code": "MI",
    "District": "Lawngtlai"
  },
  {
    "State": "Mizoram",
    "State Code": "MI",
    "District": "Lunglei"
  },
  {
    "State": "Mizoram",
    "State Code": "MI",
    "District": "Mamit"
  },
  {
    "State": "Mizoram",
    "State Code": "MI",
    "District": "Saiha"
  },
  {
    "State": "Mizoram",
    "State Code": "MI",
    "District": "Saitual"
  },
  {
    "State": "Mizoram",
    "State Code": "MI",
    "District": "Serchhip"
  },
  {
    "State": "Nagaland",
    "State Code": "NL",
    "District": "Chumoukedima"
  },
  {
    "State": "Nagaland",
    "State Code": "NL",
    "District": "Dimapur"
  },
  {
    "State": "Nagaland",
    "State Code": "NL",
    "District": "Kiphire"
  },
  {
    "State": "Nagaland",
    "State Code": "NL",
    "District": "Kohima"
  },
  {
    "State": "Nagaland",
    "State Code": "NL",
    "District": "Longleng"
  },
  {
    "State": "Nagaland",
    "State Code": "NL",
    "District": "Mokokchung"
  },
  {
    "State": "Nagaland",
    "State Code": "NL",
    "District": "Mon"
  },
  {
    "State": "Nagaland",
    "State Code": "NL",
    "District": "Noklak"
  },
  {
    "State": "Nagaland",
    "State Code": "NL",
    "District": "Peren"
  },
  {
    "State": "Nagaland",
    "State Code": "NL",
    "District": "Phek"
  },
  {
    "State": "Nagaland",
    "State Code": "NL",
    "District": "Shamator"
  },
  {
    "State": "Nagaland",
    "State Code": "NL",
    "District": "Tseminyu"
  },
  {
    "State": "Nagaland",
    "State Code": "NL",
    "District": "Tuensang"
  },
  {
    "State": "Nagaland",
    "State Code": "NL",
    "District": "Wokha"
  },
  {
    "State": "Nagaland",
    "State Code": "NL",
    "District": "Zunheboto"
  },
  {
    "State": "Odisha",
    "State Code": "OR",
    "District": "Angul"
  },
  {
    "State": "Odisha",
    "State Code": "OR",
    "District": "Balangir"
  },
  {
    "State": "Odisha",
    "State Code": "OR",
    "District": "Balasore"
  },
  {
    "State": "Odisha",
    "State Code": "OR",
    "District": "Bargarh"
  },
  {
    "State": "Odisha",
    "State Code": "OR",
    "District": "Bhadrak"
  },
  {
    "State": "Odisha",
    "State Code": "OR",
    "District": "Boudh"
  },
  {
    "State": "Odisha",
    "State Code": "OR",
    "District": "Cuttack"
  },
  {
    "State": "Odisha",
    "State Code": "OR",
    "District": "Deogarh"
  },
  {
    "State": "Odisha",
    "State Code": "OR",
    "District": "Dhenkanal"
  },
  {
    "State": "Odisha",
    "State Code": "OR",
    "District": "Gajapati"
  },
  {
    "State": "Odisha",
    "State Code": "OR",
    "District": "Ganjam"
  },
  {
    "State": "Odisha",
    "State Code": "OR",
    "District": "Jagatsinghpur"
  },
  {
    "State": "Odisha",
    "State Code": "OR",
    "District": "Jajpur"
  },
  {
    "State": "Odisha",
    "State Code": "OR",
    "District": "Jharsuguda"
  },
  {
    "State": "Odisha",
    "State Code": "OR",
    "District": "Kalahandi"
  },
  {
    "State": "Odisha",
    "State Code": "OR",
    "District": "Kandhamal"
  },
  {
    "State": "Odisha",
    "State Code": "OR",
    "District": "Kendrapara"
  },
  {
    "State": "Odisha",
    "State Code": "OR",
    "District": "Kendujhar"
  },
  {
    "State": "Odisha",
    "State Code": "OR",
    "District": "Khordha"
  },
  {
    "State": "Odisha",
    "State Code": "OR",
    "District": "Koraput"
  },
  {
    "State": "Odisha",
    "State Code": "OR",
    "District": "Malkangiri"
  },
  {
    "State": "Odisha",
    "State Code": "OR",
    "District": "Mayurbhanj"
  },
  {
    "State": "Odisha",
    "State Code": "OR",
    "District": "Nabarangpur"
  },
  {
    "State": "Odisha",
    "State Code": "OR",
    "District": "Nayagarh"
  },
  {
    "State": "Odisha",
    "State Code": "OR",
    "District": "Nuapada"
  },
  {
    "State": "Odisha",
    "State Code": "OR",
    "District": "Puri"
  },
  {
    "State": "Odisha",
    "State Code": "OR",
    "District": "Rayagada"
  },
  {
    "State": "Odisha",
    "State Code": "OR",
    "District": "Sambalpur"
  },
  {
    "State": "Odisha",
    "State Code": "OR",
    "District": "Subarnapur"
  },
  {
    "State": "Odisha",
    "State Code": "OR",
    "District": "Sundargarh"
  },
  {
    "State": "Punjab",
    "State Code": "PB",
    "District": "Amritsar"
  },
  {
    "State": "Punjab",
    "State Code": "PB",
    "District": "Barnala"
  },
  {
    "State": "Punjab",
    "State Code": "PB",
    "District": "Bathinda"
  },
  {
    "State": "Punjab",
    "State Code": "PB",
    "District": "Faridkot"
  },
  {
    "State": "Punjab",
    "State Code": "PB",
    "District": "Fatehgarh Sahib"
  },
  {
    "State": "Punjab",
    "State Code": "PB",
    "District": "Fazilka"
  },
  {
    "State": "Punjab",
    "State Code": "PB",
    "District": "Ferozepur"
  },
  {
    "State": "Punjab",
    "State Code": "PB",
    "District": "Gurdaspur"
  },
  {
    "State": "Punjab",
    "State Code": "PB",
    "District": "Hoshiarpur"
  },
  {
    "State": "Punjab",
    "State Code": "PB",
    "District": "Jalandhar"
  },
  {
    "State": "Punjab",
    "State Code": "PB",
    "District": "Kapurthala"
  },
  {
    "State": "Punjab",
    "State Code": "PB",
    "District": "Ludhiana"
  },
  {
    "State": "Punjab",
    "State Code": "PB",
    "District": "Malerkotla"
  },
  {
    "State": "Punjab",
    "State Code": "PB",
    "District": "Mansa"
  },
  {
    "State": "Punjab",
    "State Code": "PB",
    "District": "Moga"
  },
  {
    "State": "Punjab",
    "State Code": "PB",
    "District": "Mohali"
  },
  {
    "State": "Punjab",
    "State Code": "PB",
    "District": "Muktsar"
  },
  {
    "State": "Punjab",
    "State Code": "PB",
    "District": "Pathankot"
  },
  {
    "State": "Punjab",
    "State Code": "PB",
    "District": "Patiala"
  },
  {
    "State": "Punjab",
    "State Code": "PB",
    "District": "Rupnagar"
  },
  {
    "State": "Punjab",
    "State Code": "PB",
    "District": "Sangrur"
  },
  {
    "State": "Punjab",
    "State Code": "PB",
    "District": "Shaheed Bhagat Singh Nagar"
  },
  {
    "State": "Punjab",
    "State Code": "PB",
    "District": "Tarn Taran"
  },
  {
    "State": "Rajasthan",
    "State Code": "RJ",
    "District": "Ajmer"
  },
  {
    "State": "Rajasthan",
    "State Code": "RJ",
    "District": "Alwar"
  },
  {
    "State": "Rajasthan",
    "State Code": "RJ",
    "District": "Banswara"
  },
  {
    "State": "Rajasthan",
    "State Code": "RJ",
    "District": "Baran"
  },
  {
    "State": "Rajasthan",
    "State Code": "RJ",
    "District": "Barmer"
  },
  {
    "State": "Rajasthan",
    "State Code": "RJ",
    "District": "Bharatpur"
  },
  {
    "State": "Rajasthan",
    "State Code": "RJ",
    "District": "Bhilwara"
  },
  {
    "State": "Rajasthan",
    "State Code": "RJ",
    "District": "Bikaner"
  },
  {
    "State": "Rajasthan",
    "State Code": "RJ",
    "District": "Bundi"
  },
  {
    "State": "Rajasthan",
    "State Code": "RJ",
    "District": "Chittorgarh"
  },
  {
    "State": "Rajasthan",
    "State Code": "RJ",
    "District": "Churu"
  },
  {
    "State": "Rajasthan",
    "State Code": "RJ",
    "District": "Dausa"
  },
  {
    "State": "Rajasthan",
    "State Code": "RJ",
    "District": "Dholpur"
  },
  {
    "State": "Rajasthan",
    "State Code": "RJ",
    "District": "Dungarpur"
  },
  {
    "State": "Rajasthan",
    "State Code": "RJ",
    "District": "Hanumangarh"
  },
  {
    "State": "Rajasthan",
    "State Code": "RJ",
    "District": "Jaipur"
  },
  {
    "State": "Rajasthan",
    "State Code": "RJ",
    "District": "Jaisalmer"
  },
  {
    "State": "Rajasthan",
    "State Code": "RJ",
    "District": "Jalore"
  },
  {
    "State": "Rajasthan",
    "State Code": "RJ",
    "District": "Jhalawar"
  },
  {
    "State": "Rajasthan",
    "State Code": "RJ",
    "District": "Jhunjhunu"
  },
  {
    "State": "Rajasthan",
    "State Code": "RJ",
    "District": "Jodhpur"
  },
  {
    "State": "Rajasthan",
    "State Code": "RJ",
    "District": "Karauli"
  },
  {
    "State": "Rajasthan",
    "State Code": "RJ",
    "District": "Kota"
  },
  {
    "State": "Rajasthan",
    "State Code": "RJ",
    "District": "Nagaur"
  },
  {
    "State": "Rajasthan",
    "State Code": "RJ",
    "District": "Pali"
  },
  {
    "State": "Rajasthan",
    "State Code": "RJ",
    "District": "Pratapgarh"
  },
  {
    "State": "Rajasthan",
    "State Code": "RJ",
    "District": "Rajsamand"
  },
  {
    "State": "Rajasthan",
    "State Code": "RJ",
    "District": "Sawai Madhopur"
  },
  {
    "State": "Rajasthan",
    "State Code": "RJ",
    "District": "Sikar"
  },
  {
    "State": "Rajasthan",
    "State Code": "RJ",
    "District": "Sirohi"
  },
  {
    "State": "Rajasthan",
    "State Code": "RJ",
    "District": "Sri Ganganagar"
  },
  {
    "State": "Rajasthan",
    "State Code": "RJ",
    "District": "Tonk"
  },
  {
    "State": "Rajasthan",
    "State Code": "RJ",
    "District": "Udaipur"
  },
  {
    "State": "Sikkim",
    "State Code": "SK",
    "District": "East Sikkim"
  },
  {
    "State": "Sikkim",
    "State Code": "SK",
    "District": "North Sikkim"
  },
  {
    "State": "Sikkim",
    "State Code": "SK",
    "District": "South Sikkim"
  },
  {
    "State": "Sikkim",
    "State Code": "SK",
    "District": "West Sikkim"
  },
  {
    "State": "Tamil Nadu",
    "State Code": "TN",
    "District": "Ariyalur"
  },
  {
    "State": "Tamil Nadu",
    "State Code": "TN",
    "District": "Chengalpattu"
  },
  {
    "State": "Tamil Nadu",
    "State Code": "TN",
    "District": "Chennai"
  },
  {
    "State": "Tamil Nadu",
    "State Code": "TN",
    "District": "Coimbatore"
  },
  {
    "State": "Tamil Nadu",
    "State Code": "TN",
    "District": "Cuddalore"
  },
  {
    "State": "Tamil Nadu",
    "State Code": "TN",
    "District": "Dharmapuri"
  },
  {
    "State": "Tamil Nadu",
    "State Code": "TN",
    "District": "Dindigul"
  },
  {
    "State": "Tamil Nadu",
    "State Code": "TN",
    "District": "Erode"
  },
  {
    "State": "Tamil Nadu",
    "State Code": "TN",
    "District": "Kallakurichi"
  },
  {
    "State": "Tamil Nadu",
    "State Code": "TN",
    "District": "Kanchipuram"
  },
  {
    "State": "Tamil Nadu",
    "State Code": "TN",
    "District": "Kanyakumari"
  },
  {
    "State": "Tamil Nadu",
    "State Code": "TN",
    "District": "Karur"
  },
  {
    "State": "Tamil Nadu",
    "State Code": "TN",
    "District": "Krishnagiri"
  },
  {
    "State": "Tamil Nadu",
    "State Code": "TN",
    "District": "Madurai"
  },
  {
    "State": "Tamil Nadu",
    "State Code": "TN",
    "District": "Mayiladuthurai"
  },
  {
    "State": "Tamil Nadu",
    "State Code": "TN",
    "District": "Nagapattinam"
  },
  {
    "State": "Tamil Nadu",
    "State Code": "TN",
    "District": "Namakkal"
  },
  {
    "State": "Tamil Nadu",
    "State Code": "TN",
    "District": "Nilgiris"
  },
  {
    "State": "Tamil Nadu",
    "State Code": "TN",
    "District": "Perambalur"
  },
  {
    "State": "Tamil Nadu",
    "State Code": "TN",
    "District": "Pudukkottai"
  },
  {
    "State": "Tamil Nadu",
    "State Code": "TN",
    "District": "Ramanathapuram"
  },
  {
    "State": "Tamil Nadu",
    "State Code": "TN",
    "District": "Ranipet"
  },
  {
    "State": "Tamil Nadu",
    "State Code": "TN",
    "District": "Salem"
  },
  {
    "State": "Tamil Nadu",
    "State Code": "TN",
    "District": "Sivaganga"
  },
  {
    "State": "Tamil Nadu",
    "State Code": "TN",
    "District": "Tenkasi"
  },
  {
    "State": "Tamil Nadu",
    "State Code": "TN",
    "District": "Thanjavur"
  },
  {
    "State": "Tamil Nadu",
    "State Code": "TN",
    "District": "Theni"
  },
  {
    "State": "Tamil Nadu",
    "State Code": "TN",
    "District": "Thoothukudi"
  },
  {
    "State": "Tamil Nadu",
    "State Code": "TN",
    "District": "Tiruchirappalli"
  },
  {
    "State": "Tamil Nadu",
    "State Code": "TN",
    "District": "Tirunelveli"
  },
  {
    "State": "Tamil Nadu",
    "State Code": "TN",
    "District": "Tirupathur"
  },
  {
    "State": "Tamil Nadu",
    "State Code": "TN",
    "District": "Tiruppur"
  },
  {
    "State": "Tamil Nadu",
    "State Code": "TN",
    "District": "Tiruvallur"
  },
  {
    "State": "Tamil Nadu",
    "State Code": "TN",
    "District": "Tiruvannamalai"
  },
  {
    "State": "Tamil Nadu",
    "State Code": "TN",
    "District": "Tiruvarur"
  },
  {
    "State": "Tamil Nadu",
    "State Code": "TN",
    "District": "Vellore"
  },
  {
    "State": "Tamil Nadu",
    "State Code": "TN",
    "District": "Viluppuram"
  },
  {
    "State": "Tamil Nadu",
    "State Code": "TN",
    "District": "Virudhunagar"
  },
  {
    "State": "Telangana",
    "State Code": "TS",
    "District": "Adilabad"
  },
  {
    "State": "Telangana",
    "State Code": "TS",
    "District": "Bhadradri Kothagudem"
  },
  {
    "State": "Telangana",
    "State Code": "TS",
    "District": "Hanumakonda"
  },
  {
    "State": "Telangana",
    "State Code": "TS",
    "District": "Hyderabad"
  },
  {
    "State": "Telangana",
    "State Code": "TS",
    "District": "Jagtial"
  },
  {
    "State": "Telangana",
    "State Code": "TS",
    "District": "Jangaon"
  },
  {
    "State": "Telangana",
    "State Code": "TS",
    "District": "Jayashankar Bhupalpally"
  },
  {
    "State": "Telangana",
    "State Code": "TS",
    "District": "Jogulamba Gadwal"
  },
  {
    "State": "Telangana",
    "State Code": "TS",
    "District": "Kamareddy"
  },
  {
    "State": "Telangana",
    "State Code": "TS",
    "District": "Karimnagar"
  },
  {
    "State": "Telangana",
    "State Code": "TS",
    "District": "Khammam"
  },
  {
    "State": "Telangana",
    "State Code": "TS",
    "District": "Komaram Bheem Asifabad"
  },
  {
    "State": "Telangana",
    "State Code": "TS",
    "District": "Mahabubabad"
  },
  {
    "State": "Telangana",
    "State Code": "TS",
    "District": "Mahabubnagar"
  },
  {
    "State": "Telangana",
    "State Code": "TS",
    "District": "Mancherial"
  },
  {
    "State": "Telangana",
    "State Code": "TS",
    "District": "Medak"
  },
  {
    "State": "Telangana",
    "State Code": "TS",
    "District": "Medchal-Malkajgiri"
  },
  {
    "State": "Telangana",
    "State Code": "TS",
    "District": "Mulugu"
  },
  {
    "State": "Telangana",
    "State Code": "TS",
    "District": "Nagarkurnool"
  },
  {
    "State": "Telangana",
    "State Code": "TS",
    "District": "Nalgonda"
  },
  {
    "State": "Telangana",
    "State Code": "TS",
    "District": "Narayanpet"
  },
  {
    "State": "Telangana",
    "State Code": "TS",
    "District": "Nirmal"
  },
  {
    "State": "Telangana",
    "State Code": "TS",
    "District": "Nizamabad"
  },
  {
    "State": "Telangana",
    "State Code": "TS",
    "District": "Peddapalli"
  },
  {
    "State": "Telangana",
    "State Code": "TS",
    "District": "Rajanna Sircilla"
  },
  {
    "State": "Telangana",
    "State Code": "TS",
    "District": "Rangareddy"
  },
  {
    "State": "Telangana",
    "State Code": "TS",
    "District": "Sangareddy"
  },
  {
    "State": "Telangana",
    "State Code": "TS",
    "District": "Siddipet"
  },
  {
    "State": "Telangana",
    "State Code": "TS",
    "District": "Suryapet"
  },
  {
    "State": "Telangana",
    "State Code": "TS",
    "District": "Vikarabad"
  },
  {
    "State": "Telangana",
    "State Code": "TS",
    "District": "Wanaparthy"
  },
  {
    "State": "Telangana",
    "State Code": "TS",
    "District": "Warangal"
  },
  {
    "State": "Telangana",
    "State Code": "TS",
    "District": "Yadadri Bhuvanagiri"
  },
  {
    "State": "Tripura",
    "State Code": "TR",
    "District": "Dhalai"
  },
  {
    "State": "Tripura",
    "State Code": "TR",
    "District": "Gomati"
  },
  {
    "State": "Tripura",
    "State Code": "TR",
    "District": "Khowai"
  },
  {
    "State": "Tripura",
    "State Code": "TR",
    "District": "North Tripura"
  },
  {
    "State": "Tripura",
    "State Code": "TR",
    "District": "Sepahijala"
  },
  {
    "State": "Tripura",
    "State Code": "TR",
    "District": "South Tripura"
  },
  {
    "State": "Tripura",
    "State Code": "TR",
    "District": "Unakoti"
  },
  {
    "State": "Tripura",
    "State Code": "TR",
    "District": "West Tripura"
  },
  {
    "State": "Uttar Pradesh",
    "State Code": "UP",
    "District": "Agra"
  },
  {
    "State": "Uttar Pradesh",
    "State Code": "UP",
    "District": "Aligarh"
  },
  {
    "State": "Uttar Pradesh",
    "State Code": "UP",
    "District": "Ambedkar Nagar"
  },
  {
    "State": "Uttar Pradesh",
    "State Code": "UP",
    "District": "Amethi"
  },
  {
    "State": "Uttar Pradesh",
    "State Code": "UP",
    "District": "Amroha"
  },
  {
    "State": "Uttar Pradesh",
    "State Code": "UP",
    "District": "Auraiya"
  },
  {
    "State": "Uttar Pradesh",
    "State Code": "UP",
    "District": "Ayodhya"
  },
  {
    "State": "Uttar Pradesh",
    "State Code": "UP",
    "District": "Azamgarh"
  },
  {
    "State": "Uttar Pradesh",
    "State Code": "UP",
    "District": "Baghpat"
  },
  {
    "State": "Uttar Pradesh",
    "State Code": "UP",
    "District": "Bahraich"
  },
  {
    "State": "Uttar Pradesh",
    "State Code": "UP",
    "District": "Ballia"
  },
  {
    "State": "Uttar Pradesh",
    "State Code": "UP",
    "District": "Balrampur"
  },
  {
    "State": "Uttar Pradesh",
    "State Code": "UP",
    "District": "Banda"
  },
  {
    "State": "Uttar Pradesh",
    "State Code": "UP",
    "District": "Barabanki"
  },
  {
    "State": "Uttar Pradesh",
    "State Code": "UP",
    "District": "Bareilly"
  },
  {
    "State": "Uttar Pradesh",
    "State Code": "UP",
    "District": "Basti"
  },
  {
    "State": "Uttar Pradesh",
    "State Code": "UP",
    "District": "Bhadohi"
  },
  {
    "State": "Uttar Pradesh",
    "State Code": "UP",
    "District": "Bijnor"
  },
  {
    "State": "Uttar Pradesh",
    "State Code": "UP",
    "District": "Budaun"
  },
  {
    "State": "Uttar Pradesh",
    "State Code": "UP",
    "District": "Bulandshahr"
  },
  {
    "State": "Uttar Pradesh",
    "State Code": "UP",
    "District": "Chandauli"
  },
  {
    "State": "Uttar Pradesh",
    "State Code": "UP",
    "District": "Chitrakoot"
  },
  {
    "State": "Uttar Pradesh",
    "State Code": "UP",
    "District": "Deoria"
  },
  {
    "State": "Uttar Pradesh",
    "State Code": "UP",
    "District": "Etah"
  },
  {
    "State": "Uttar Pradesh",
    "State Code": "UP",
    "District": "Etawah"
  },
  {
    "State": "Uttar Pradesh",
    "State Code": "UP",
    "District": "Farrukhabad"
  },
  {
    "State": "Uttar Pradesh",
    "State Code": "UP",
    "District": "Fatehpur"
  },
  {
    "State": "Uttar Pradesh",
    "State Code": "UP",
    "District": "Firozabad"
  },
  {
    "State": "Uttar Pradesh",
    "State Code": "UP",
    "District": "Gautam Buddha Nagar"
  },
  {
    "State": "Uttar Pradesh",
    "State Code": "UP",
    "District": "Ghaziabad"
  },
  {
    "State": "Uttar Pradesh",
    "State Code": "UP",
    "District": "Ghazipur"
  },
  {
    "State": "Uttar Pradesh",
    "State Code": "UP",
    "District": "Gonda"
  },
  {
    "State": "Uttar Pradesh",
    "State Code": "UP",
    "District": "Gorakhpur"
  },
  {
    "State": "Uttar Pradesh",
    "State Code": "UP",
    "District": "Hamirpur"
  },
  {
    "State": "Uttar Pradesh",
    "State Code": "UP",
    "District": "Hapur"
  },
  {
    "State": "Uttar Pradesh",
    "State Code": "UP",
    "District": "Hardoi"
  },
  {
    "State": "Uttar Pradesh",
    "State Code": "UP",
    "District": "Hathras"
  },
  {
    "State": "Uttar Pradesh",
    "State Code": "UP",
    "District": "Jalaun"
  },
  {
    "State": "Uttar Pradesh",
    "State Code": "UP",
    "District": "Jaunpur"
  },
  {
    "State": "Uttar Pradesh",
    "State Code": "UP",
    "District": "Jhansi"
  },
  {
    "State": "Uttar Pradesh",
    "State Code": "UP",
    "District": "Kannauj"
  },
  {
    "State": "Uttar Pradesh",
    "State Code": "UP",
    "District": "Kanpur Dehat"
  },
  {
    "State": "Uttar Pradesh",
    "State Code": "UP",
    "District": "Kanpur Nagar"
  },
  {
    "State": "Uttar Pradesh",
    "State Code": "UP",
    "District": "Kasganj"
  },
  {
    "State": "Uttar Pradesh",
    "State Code": "UP",
    "District": "Kaushambi"
  },
  {
    "State": "Uttar Pradesh",
    "State Code": "UP",
    "District": "Kheri"
  },
  {
    "State": "Uttar Pradesh",
    "State Code": "UP",
    "District": "Kushinagar"
  },
  {
    "State": "Uttar Pradesh",
    "State Code": "UP",
    "District": "Lalitpur"
  },
  {
    "State": "Uttar Pradesh",
    "State Code": "UP",
    "District": "Lucknow"
  },
  {
    "State": "Uttar Pradesh",
    "State Code": "UP",
    "District": "Maharajganj"
  },
  {
    "State": "Uttar Pradesh",
    "State Code": "UP",
    "District": "Mahoba"
  },
  {
    "State": "Uttar Pradesh",
    "State Code": "UP",
    "District": "Mainpuri"
  },
  {
    "State": "Uttar Pradesh",
    "State Code": "UP",
    "District": "Mathura"
  },
  {
    "State": "Uttar Pradesh",
    "State Code": "UP",
    "District": "Mau"
  },
  {
    "State": "Uttar Pradesh",
    "State Code": "UP",
    "District": "Meerut"
  },
  {
    "State": "Uttar Pradesh",
    "State Code": "UP",
    "District": "Mirzapur"
  },
  {
    "State": "Uttar Pradesh",
    "State Code": "UP",
    "District": "Moradabad"
  },
  {
    "State": "Uttar Pradesh",
    "State Code": "UP",
    "District": "Muzaffarnagar"
  },
  {
    "State": "Uttar Pradesh",
    "State Code": "UP",
    "District": "Pilibhit"
  },
  {
    "State": "Uttar Pradesh",
    "State Code": "UP",
    "District": "Pratapgarh"
  },
  {
    "State": "Uttar Pradesh",
    "State Code": "UP",
    "District": "Prayagraj"
  },
  {
    "State": "Uttar Pradesh",
    "State Code": "UP",
    "District": "Raebareli"
  },
  {
    "State": "Uttar Pradesh",
    "State Code": "UP",
    "District": "Rampur"
  },
  {
    "State": "Uttar Pradesh",
    "State Code": "UP",
    "District": "Saharanpur"
  },
  {
    "State": "Uttar Pradesh",
    "State Code": "UP",
    "District": "Sambhal"
  },
  {
    "State": "Uttar Pradesh",
    "State Code": "UP",
    "District": "Sant Kabir Nagar"
  },
  {
    "State": "Uttar Pradesh",
    "State Code": "UP",
    "District": "Shahjahanpur"
  },
  {
    "State": "Uttar Pradesh",
    "State Code": "UP",
    "District": "Shamli"
  },
  {
    "State": "Uttar Pradesh",
    "State Code": "UP",
    "District": "Shravasti"
  },
  {
    "State": "Uttar Pradesh",
    "State Code": "UP",
    "District": "Siddharthnagar"
  },
  {
    "State": "Uttar Pradesh",
    "State Code": "UP",
    "District": "Sitapur"
  },
  {
    "State": "Uttar Pradesh",
    "State Code": "UP",
    "District": "Sonbhadra"
  },
  {
    "State": "Uttar Pradesh",
    "State Code": "UP",
    "District": "Sultanpur"
  },
  {
    "State": "Uttar Pradesh",
    "State Code": "UP",
    "District": "Unnao"
  },
  {
    "State": "Uttar Pradesh",
    "State Code": "UP",
    "District": "Varanasi"
  },
  {
    "State": "Uttarakhand",
    "State Code": "UT",
    "District": "Almora"
  },
  {
    "State": "Uttarakhand",
    "State Code": "UT",
    "District": "Bageshwar"
  },
  {
    "State": "Uttarakhand",
    "State Code": "UT",
    "District": "Chamoli"
  },
  {
    "State": "Uttarakhand",
    "State Code": "UT",
    "District": "Champawat"
  },
  {
    "State": "Uttarakhand",
    "State Code": "UT",
    "District": "Dehradun"
  },
  {
    "State": "Uttarakhand",
    "State Code": "UT",
    "District": "Haridwar"
  },
  {
    "State": "Uttarakhand",
    "State Code": "UT",
    "District": "Nainital"
  },
  {
    "State": "Uttarakhand",
    "State Code": "UT",
    "District": "Pauri Garhwal"
  },
  {
    "State": "Uttarakhand",
    "State Code": "UT",
    "District": "Pithoragarh"
  },
  {
    "State": "Uttarakhand",
    "State Code": "UT",
    "District": "Rudraprayag"
  },
  {
    "State": "Uttarakhand",
    "State Code": "UT",
    "District": "Tehri Garhwal"
  },
  {
    "State": "Uttarakhand",
    "State Code": "UT",
    "District": "Udham Singh Nagar"
  },
  {
    "State": "Uttarakhand",
    "State Code": "UT",
    "District": "Uttarkashi"
  },
  {
    "State": "West Bengal",
    "State Code": "WB",
    "District": "Alipurduar"
  },
  {
    "State": "West Bengal",
    "State Code": "WB",
    "District": "Bankura"
  },
  {
    "State": "West Bengal",
    "State Code": "WB",
    "District": "Birbhum"
  },
  {
    "State": "West Bengal",
    "State Code": "WB",
    "District": "Cooch Behar"
  },
  {
    "State": "West Bengal",
    "State Code": "WB",
    "District": "Dakshin Dinajpur"
  },
  {
    "State": "West Bengal",
    "State Code": "WB",
    "District": "Darjeeling"
  },
  {
    "State": "West Bengal",
    "State Code": "WB",
    "District": "Hooghly"
  },
  {
    "State": "West Bengal",
    "State Code": "WB",
    "District": "Howrah"
  },
  {
    "State": "West Bengal",
    "State Code": "WB",
    "District": "Jalpaiguri"
  },
  {
    "State": "West Bengal",
    "State Code": "WB",
    "District": "Jhargram"
  },
  {
    "State": "West Bengal",
    "State Code": "WB",
    "District": "Kalimpong"
  },
  {
    "State": "West Bengal",
    "State Code": "WB",
    "District": "Kolkata"
  },
  {
    "State": "West Bengal",
    "State Code": "WB",
    "District": "Malda"
  },
  {
    "State": "West Bengal",
    "State Code": "WB",
    "District": "Murshidabad"
  },
  {
    "State": "West Bengal",
    "State Code": "WB",
    "District": "Nadia"
  },
  {
    "State": "West Bengal",
    "State Code": "WB",
    "District": "North 24 Parganas"
  },
  {
    "State": "West Bengal",
    "State Code": "WB",
    "District": "Paschim Bardhaman"
  },
  {
    "State": "West Bengal",
    "State Code": "WB",
    "District": "Paschim Medinipur"
  },
  {
    "State": "West Bengal",
    "State Code": "WB",
    "District": "Purba Bardhaman"
  },
  {
    "State": "West Bengal",
    "State Code": "WB",
    "District": "Purba Medinipur"
  },
  {
    "State": "West Bengal",
    "State Code": "WB",
    "District": "Purulia"
  },
  {
    "State": "West Bengal",
    "State Code": "WB",
    "District": "South 24 Parganas"
  },
  {
    "State": "West Bengal",
    "State Code": "WB",
    "District": "Uttar Dinajpur"
  },
  {
    "State": "Andaman and Nicobar Islands",
    "State Code": "AN",
    "District": "North and Middle Andaman"
  },
  {
    "State": "Andaman and Nicobar Islands",
    "State Code": "AN",
    "District": "South Andaman"
  },
  {
    "State": "Andaman and Nicobar Islands",
    "State Code": "AN",
    "District": "Nicobar"
  },
  {
    "State": "Chandigarh",
    "State Code": "CH",
    "District": "Chandigarh"
  },
  {
    "State": "Dadra and Nagar Haveli and Daman and Diu",
    "State Code": "DN",
    "District": "Dadra and Nagar Haveli"
  },
  {
    "State": "Dadra and Nagar Haveli and Daman and Diu",
    "State Code": "DN",
    "District": "Daman"
  },
  {
    "State": "Dadra and Nagar Haveli and Daman and Diu",
    "State Code": "DN",
    "District": "Diu"
  },
  {
    "State": "Jammu and Kashmir",
    "State Code": "JK",
    "District": "Anantnag"
  },
  {
    "State": "Jammu and Kashmir",
    "State Code": "JK",
    "District": "Bandipora"
  },
  {
    "State": "Jammu and Kashmir",
    "State Code": "JK",
    "District": "Baramulla"
  },
  {
    "State": "Jammu and Kashmir",
    "State Code": "JK",
    "District": "Budgam"
  },
  {
    "State": "Jammu and Kashmir",
    "State Code": "JK",
    "District": "Doda"
  },
  {
    "State": "Jammu and Kashmir",
    "State Code": "JK",
    "District": "Ganderbal"
  },
  {
    "State": "Jammu and Kashmir",
    "State Code": "JK",
    "District": "Jammu"
  },
  {
    "State": "Jammu and Kashmir",
    "State Code": "JK",
    "District": "Kathua"
  },
  {
    "State": "Jammu and Kashmir",
    "State Code": "JK",
    "District": "Kishtwar"
  },
  {
    "State": "Jammu and Kashmir",
    "State Code": "JK",
    "District": "Kulgam"
  },
  {
    "State": "Jammu and Kashmir",
    "State Code": "JK",
    "District": "Kupwara"
  },
  {
    "State": "Jammu and Kashmir",
    "State Code": "JK",
    "District": "Poonch"
  },
  {
    "State": "Jammu and Kashmir",
    "State Code": "JK",
    "District": "Pulwama"
  },
  {
    "State": "Jammu and Kashmir",
    "State Code": "JK",
    "District": "Rajouri"
  },
  {
    "State": "Jammu and Kashmir",
    "State Code": "JK",
    "District": "Ramban"
  },
  {
    "State": "Jammu and Kashmir",
    "State Code": "JK",
    "District": "Reasi"
  },
  {
    "State": "Jammu and Kashmir",
    "State Code": "JK",
    "District": "Samba"
  },
  {
    "State": "Jammu and Kashmir",
    "State Code": "JK",
    "District": "Shopian"
  },
  {
    "State": "Jammu and Kashmir",
    "State Code": "JK",
    "District": "Srinagar"
  },
  {
    "State": "Jammu and Kashmir",
    "State Code": "JK",
    "District": "Udhampur"
  },
  {
    "State": "Ladakh",
    "State Code": "LA",
    "District": "Leh"
  },
  {
    "State": "Ladakh",
    "State Code": "LA",
    "District": "Kargil"
  },
  {
    "State": "Lakshadweep",
    "State Code": "LD",
    "District": "Lakshadweep"
  },
  {
    "State": "Puducherry",
    "State Code": "PY",
    "District": "Puducherry"
  },
  {
    "State": "Puducherry",
    "State Code": "PY",
    "District": "Karaikal"
  },
  {
    "State": "Puducherry",
    "State Code": "PY",
    "District": "Mahe"
  },
  {
    "State": "Puducherry",
    "State Code": "PY",
    "District": "Yanam"
  }
]